month,total_sales,prev_month,growth_percent
2026-02-01,21373003.64000005,93542992.89999941,-77.15
