product_category,total_sales
Toys,23366508.050000004
Clothing,23044062.11999999
Electronics,22910510.769999936
Home,22866118.93999989
Other,22728796.659999967
